file,name
sendungsbild-457215~_v-grossgalerie16x9.jpg,Caren Miosga
sendungsbild-457441~_v-grossgalerie16x9.jpg,Caren Miosga
sendungsbild-458133~_v-grossgalerie16x9.jpg,Caren Miosga
sendungsbild-458427~_v-grossgalerie16x9.jpg,Caren Miosga
sendungsbild-462383~_v-grossgalerie16x9.jpg,Caren Miosga
sendungsbild-462717~_v-grossgalerie16x9.jpg,Caren Miosga
sendungsbild-463041~_v-grossgalerie16x9.jpg,Caren Miosga
sendungsbild-463449~_v-grossgalerie16x9.jpg,Caren Miosga
sendungsbild-466079~_v-grossgalerie16x9.jpg,Caren Miosga
sendungsbild-466731~_v-grossgalerie16x9.jpg,Caren Miosga
sendungsbild-467265~_v-grossgalerie16x9.jpg,Caren Miosga
sendungsbild-467475~_v-grossgalerie16x9.jpg,Caren Miosga
sendungsbild-469851~_v-grossgalerie16x9.jpg,Caren Miosga
sendungsbild-470193~_v-grossgalerie16x9.jpg,Caren Miosga
sendungsbild-470917~_v-grossgalerie16x9.jpg,Caren Miosga
sendungsbild-471467~_v-grossgalerie16x9.jpg,Caren Miosga
sendungsbild-471667~_v-grossgalerie16x9.jpg,Caren Miosga
sendungsbild-474547~_v-grossgalerie16x9.jpg,Caren Miosga
sendungsbild-474925~_v-grossgalerie16x9.jpg,Caren Miosga
sendungsbild-475607~_v-grossgalerie16x9.jpg,Caren Miosga
sendungsbild-476015~_v-grossgalerie16x9.jpg,Caren Miosga
sendungsbild-478161~_v-grossgalerie16x9.jpg,Caren Miosga
sendungsbild-478323~_v-grossgalerie16x9.jpg,Caren Miosga
sendungsbild-478713~_v-grossgalerie16x9.jpg,Caren Miosga
sendungsbild-479085~_v-grossgalerie16x9.jpg,Caren Miosga
sendungsbild-479433~_v-grossgalerie16x9.jpg,Caren Miosga
sendungsbild-483485~_v-grossgalerie16x9.jpg,Caren Miosga
sendungsbild-483807~_v-grossgalerie16x9.jpg,Caren Miosga
sendungsbild-484071~_v-grossgalerie16x9.jpg,Caren Miosga
sendungsbild-484339~_v-grossgalerie16x9.jpg,Caren Miosga
sendungsbild-484727~_v-grossgalerie16x9.jpg,Caren Miosga
sendungsbild-486871~_v-grossgalerie16x9.jpg,Caren Miosga
sendungsbild-487263~_v-grossgalerie16x9.jpg,Caren Miosga
sendungsbild-487879~_v-grossgalerie16x9.jpg,Caren Miosga
sendungsbild-487947~_v-grossgalerie16x9.jpg,Caren Miosga
sendungsbild-488217~_v-grossgalerie16x9.jpg,Caren Miosga
sendungsbild-490925~_v-grossgalerie16x9.jpg,Caren Miosga
sendungsbild-495359~_v-grossgalerie16x9.jpg,Caren Miosga
sendungsbild-495703~_v-grossgalerie16x9.jpg,Caren Miosga
sendungsbild-496015~_v-grossgalerie16x9.jpg,Caren Miosga
sendungsbild-496371~_v-grossgalerie16x9.jpg,Caren Miosga
sendungsbild-496669~_v-grossgalerie16x9.jpg,Caren Miosga
sendungsbild-496879~_v-grossgalerie16x9.jpg,Caren Miosga
sendungsbild-497087~_v-grossgalerie16x9.jpg,Caren Miosga
sendungsbild-499521~_v-grossgalerie16x9.jpg,Caren Miosga
sendungsbild-499899~_v-grossgalerie16x9.jpg,Caren Miosga
sendungsbild-500259~_v-grossgalerie16x9.jpg,Caren Miosga
sendungsbild-500593~_v-grossgalerie16x9.jpg,Caren Miosga
sendungsbild-500919~_v-grossgalerie16x9.jpg,Caren Miosga
sendungsbild-501135~_v-grossgalerie16x9.jpg,Caren Miosga
sendungsbild-501359~_v-grossgalerie16x9.jpg,Caren Miosga
sendungsbild-503255~_v-grossgalerie16x9.jpg,Caren Miosga
sendungsbild-503457~_v-grossgalerie16x9.jpg,Caren Miosga
sendungsbild-503763~_v-grossgalerie16x9.jpg,Caren Miosga
sendungsbild-504089~_v-grossgalerie16x9.jpg,Caren Miosga
sendungsbild-504459~_v-grossgalerie16x9.jpg,Caren Miosga
sendungsbild-504807~_v-grossgalerie16x9.jpg,Caren Miosga
sendungsbild-505127~_v-grossgalerie16x9.jpg,Caren Miosga
sendungsbild-512291~_v-grossgalerie16x9.jpg,Caren Miosga
sendungsbild-512599~_v-grossgalerie16x9.jpg,Caren Miosga
sendungsbild-512911~_v-grossgalerie16x9.jpg,Caren Miosga
sendungsbild-513249~_v-grossgalerie16x9.jpg,Caren Miosga
sendungsbild-513491~_v-grossgalerie16x9.jpg,Caren Miosga
sendungsbild-513723~_v-grossgalerie16x9.jpg,Caren Miosga
sendungsbild-515843~_v-grossgalerie16x9.jpg,Caren Miosga
sendungsbild-516033~_v-grossgalerie16x9.jpg,Caren Miosga
sendungsbild-516377~_v-grossgalerie16x9.jpg,Caren Miosga
sendungsbild-516737~_v-grossgalerie16x9.jpg,Caren Miosga
sendungsbild-517087~_v-grossgalerie16x9.jpg,Caren Miosga
sendungsbild-517399~_v-grossgalerie16x9.jpg,Caren Miosga
sendungsbild-517657~_v-grossgalerie16x9.jpg,Caren Miosga
sendungsbild-518379~_v-grossgalerie16x9.jpg,Caren Miosga
sendungsbild-520375~_v-grossgalerie16x9.jpg,Caren Miosga
sendungsbild-520719~_v-grossgalerie16x9.jpg,Caren Miosga
sendungsbild-521053~_v-grossgalerie16x9.jpg,Caren Miosga
sendungsbild-521405~_v-grossgalerie16x9.jpg,Caren Miosga
sendungsbild-521723~_v-grossgalerie16x9.jpg,Caren Miosga
sendungsbild-521957~_v-grossgalerie16x9.jpg,Caren Miosga
sendungsbild-522163~_v-grossgalerie16x9.jpg,Caren Miosga
sendungsbild-524437~_v-grossgalerie16x9.jpg,Caren Miosga
sendungsbild-524745~_v-grossgalerie16x9.jpg,Caren Miosga
sendungsbild-525059~_v-grossgalerie16x9.jpg,Caren Miosga
sendungsbild-525355~_v-grossgalerie16x9.jpg,Caren Miosga
sendungsbild-525683~_v-grossgalerie16x9.jpg,Caren Miosga
sendungsbild-526027~_v-grossgalerie16x9.jpg,Caren Miosga
sendungsbild-527281~_v-grossgalerie16x9.jpg,Caren Miosga
sendungsbild-532579~_v-grossgalerie16x9.jpg,Caren Miosga
sendungsbild-532931~_v-grossgalerie16x9.jpg,Caren Miosga
sendungsbild-533665~_v-grossgalerie16x9.jpg,Caren Miosga
sendungsbild-533775~_v-grossgalerie16x9.jpg,Caren Miosga
sendungsbild-534025~_v-grossgalerie16x9.jpg,Caren Miosga
sendungsbild-534273~_v-grossgalerie16x9.jpg,Caren Miosga
sendungsbild-534557~_v-grossgalerie16x9.jpg,Caren Miosga
sendungsbild-537075~_v-grossgalerie16x9.jpg,Caren Miosga
sendungsbild-537425~_v-grossgalerie16x9.jpg,Caren Miosga
sendungsbild-537749~_v-grossgalerie16x9.jpg,Caren Miosga
sendungsbild-539667~_v-grossgalerie16x9.jpg,Caren Miosga
sendungsbild-540487~_v-grossgalerie16x9.jpg,Caren Miosga
sendungsbild-540767~_v-grossgalerie16x9.jpg,Caren Miosga
sendungsbild-541857~_v-grossgalerie16x9.jpg,Caren Miosga
sendungsbild-542135~_v-grossgalerie16x9.jpg,Caren Miosga
sendungsbild-542425~_v-grossgalerie16x9.jpg,Caren Miosga
sendungsbild-545359~_v-grossgalerie16x9.jpg,Caren Miosga
sendungsbild-546027~_v-grossgalerie16x9.jpg,Caren Miosga
sendungsbild-546331~_v-grossgalerie16x9.jpg,Caren Miosga
sendungsbild-546695~_v-grossgalerie16x9.jpg,Caren Miosga
sendungsbild-546947~_v-grossgalerie16x9.jpg,Caren Miosga
sendungsbild-547097~_v-grossgalerie16x9.jpg,Caren Miosga
sendungsbild-549137~_v-grossgalerie16x9.jpg,Caren Miosga
sendungsbild-549383~_v-grossgalerie16x9.jpg,Caren Miosga
sendungsbild-549715~_v-grossgalerie16x9.jpg,Caren Miosga
sendungsbild-550083~_v-grossgalerie16x9.jpg,Caren Miosga
sendungsbild-550421~_v-grossgalerie16x9.jpg,Caren Miosga
sendungsbild-550965~_v-grossgalerie16x9.jpg,Caren Miosga
sendungsbild-551147~_v-grossgalerie16x9.jpg,Caren Miosga
sendungsbild-551397~_v-grossgalerie16x9.jpg,Caren Miosga
sendungsbild-557689~_v-grossgalerie16x9.jpg,Caren Miosga
sendungsbild-558295~_v-grossgalerie16x9.jpg,Caren Miosga
sendungsbild-558493~_v-grossgalerie16x9.jpg,Caren Miosga
sendungsbild-560805~_v-grossgalerie16x9.jpg,Caren Miosga
sendungsbild-561131~_v-grossgalerie16x9.jpg,Caren Miosga
sendungsbild-561321~_v-grossgalerie16x9.jpg,Caren Miosga
sendungsbild-561479~_v-grossgalerie16x9.jpg,Caren Miosga
sendungsbild-561847~_v-grossgalerie16x9.jpg,Caren Miosga
sendungsbild-562219~_v-grossgalerie16x9.jpg,Caren Miosga
sendungsbild-562419~_v-grossgalerie16x9.jpg,Caren Miosga
sendungsbild-562617~_v-grossgalerie16x9.jpg,Caren Miosga
sendungsbild-564467~_v-grossgalerie16x9.jpg,Caren Miosga
sendungsbild-564723~_v-grossgalerie16x9.jpg,Caren Miosga
sendungsbild-565049~_v-grossgalerie16x9.jpg,Caren Miosga
sendungsbild-565323~_v-grossgalerie16x9.jpg,Caren Miosga
sendungsbild-565655~_v-grossgalerie16x9.jpg,Caren Miosga
sendungsbild-566053~_v-grossgalerie16x9.jpg,Caren Miosga
sendungsbild-566373~_v-grossgalerie16x9.jpg,Caren Miosga
sendungsbild-569297~_v-grossgalerie16x9.jpg,Caren Miosga
sendungsbild-569675~_v-grossgalerie16x9.jpg,Caren Miosga
sendungsbild-570019~_v-grossgalerie16x9.jpg,Caren Miosga
sendungsbild-570399~_v-grossgalerie16x9.jpg,Caren Miosga
sendungsbild-570713~_v-grossgalerie16x9.jpg,Caren Miosga
sendungsbild-570913~_v-grossgalerie16x9.jpg,Caren Miosga
sendungsbild-571175~_v-grossgalerie16x9.jpg,Caren Miosga
sendungsbild-571213~_v-grossgalerie16x9.jpg,Caren Miosga
sendungsbild-577811~_v-grossgalerie16x9.jpg,Caren Miosga
sendungsbild-578679~_v-grossgalerie16x9.jpg,Caren Miosga
sendungsbild-578763~_v-grossgalerie16x9.jpg,Caren Miosga
sendungsbild-578855~_v-grossgalerie16x9.jpg,Caren Miosga
sendungsbild-579205~_v-grossgalerie16x9.jpg,Caren Miosga
sendungsbild-579445~_v-grossgalerie16x9.jpg,Caren Miosga
sendungsbild-579731~_v-grossgalerie16x9.jpg,Caren Miosga
sendungsbild-581261~_v-grossgalerie16x9.jpg,Caren Miosga
sendungsbild-581471~_v-grossgalerie16x9.jpg,Caren Miosga
sendungsbild-581763~_v-grossgalerie16x9.jpg,Caren Miosga
sendungsbild-582057~_v-grossgalerie16x9.jpg,Caren Miosga
sendungsbild-582361~_v-grossgalerie16x9.jpg,Caren Miosga
sendungsbild-582681~_v-grossgalerie16x9.jpg,Caren Miosga
sendungsbild-582979~_v-grossgalerie16x9.jpg,Caren Miosga
sendungsbild-586003~_v-grossgalerie16x9.jpg,Caren Miosga
sendungsbild-586287~_v-grossgalerie16x9.jpg,Caren Miosga
sendungsbild-586635~_v-grossgalerie16x9.jpg,Caren Miosga
sendungsbild-587041~_v-grossgalerie16x9.jpg,Caren Miosga
sendungsbild-587315~_v-grossgalerie16x9.jpg,Caren Miosga
sendungsbild-587579~_v-grossgalerie16x9.jpg,Caren Miosga
sendungsbild-588029~_v-grossgalerie16x9.jpg,Caren Miosga
sendungsbild-588149~_v-grossgalerie16x9.jpg,Caren Miosga
sendungsbild-591183~_v-grossgalerie16x9.jpg,Caren Miosga
sendungsbild-591471~_v-grossgalerie16x9.jpg,Caren Miosga
sendungsbild-591733~_v-grossgalerie16x9.jpg,Caren Miosga
sendungsbild-592013~_v-grossgalerie16x9.jpg,Caren Miosga
sendungsbild-592705~_v-grossgalerie16x9.jpg,Caren Miosga
sendungsbild-593019~_v-grossgalerie16x9.jpg,Caren Miosga
sendungsbild-593311~_v-grossgalerie16x9.jpg,Caren Miosga
sendungsbild-593601~_v-grossgalerie16x9.jpg,Caren Miosga
sendungsbild-595685~_v-grossgalerie16x9.jpg,Caren Miosga
sendungsbild-596897~_v-grossgalerie16x9.jpg,Caren Miosga
sendungsbild-597213~_v-grossgalerie16x9.jpg,Caren Miosga
sendungsbild-597507~_v-grossgalerie16x9.jpg,Caren Miosga
sendungsbild-597775~_v-grossgalerie16x9.jpg,Caren Miosga
sendungsbild-597845~_v-grossgalerie16x9.jpg,Caren Miosga
sendungsbild-598019~_v-grossgalerie16x9.jpg,Caren Miosga
sendungsbild-598263~_v-grossgalerie16x9.jpg,Caren Miosga
sendungsbild-600519~_v-grossgalerie16x9.jpg,Caren Miosga
sendungsbild-600815~_v-grossgalerie16x9.jpg,Caren Miosga
sendungsbild-601009~_v-grossgalerie16x9.jpg,Caren Miosga
sendungsbild-601213~_v-grossgalerie16x9.jpg,Caren Miosga
sendungsbild-601341~_v-grossgalerie16x9.jpg,Caren Miosga
sendungsbild-604025~_v-grossgalerie16x9.jpg,Caren Miosga
sendungsbild-604315~_v-grossgalerie16x9.jpg,Caren Miosga
sendungsbild-604615~_v-grossgalerie16x9.jpg,Caren Miosga
sendungsbild-605161~_v-grossgalerie16x9.jpg,Caren Miosga
sendungsbild-605391~_v-grossgalerie16x9.jpg,Caren Miosga
sendungsbild-605605~_v-grossgalerie16x9.jpg,Caren Miosga
sendungsbild-607873~_v-grossgalerie16x9.jpg,Caren Miosga
sendungsbild-608217~_v-grossgalerie16x9.jpg,Caren Miosga
sendungsbild-608543~_v-grossgalerie16x9.jpg,Caren Miosga
sendungsbild-608845~_v-grossgalerie16x9.jpg,Caren Miosga
sendungsbild-609327~_v-grossgalerie16x9.jpg,Caren Miosga
sendungsbild-612691~_v-grossgalerie16x9.jpg,Caren Miosga
sendungsbild-615629~_v-grossgalerie16x9.jpg,Caren Miosga
sendungsbild-615941~_v-grossgalerie16x9.jpg,Caren Miosga
sendungsbild-616573~_v-grossgalerie16x9.jpg,Caren Miosga
sendungsbild-616631~_v-grossgalerie16x9.jpg,Caren Miosga
sendungsbild-616839~_v-grossgalerie16x9.jpg,Caren Miosga
sendungsbild-617059~_v-grossgalerie16x9.jpg,Caren Miosga
sendungsbild-619245~_v-grossgalerie16x9.jpg,Caren Miosga
sendungsbild-619543~_v-grossgalerie16x9.jpg,Caren Miosga
sendungsbild-619843~_v-grossgalerie16x9.jpg,Caren Miosga
sendungsbild-620171~_v-grossgalerie16x9.jpg,Caren Miosga
sendungsbild-620509~_v-grossgalerie16x9.jpg,Caren Miosga
sendungsbild-620811~_v-grossgalerie16x9.jpg,Caren Miosga
sendungsbild-621027~_v-grossgalerie16x9.jpg,Caren Miosga
sendungsbild-621267~_v-grossgalerie16x9.jpg,Caren Miosga
sendungsbild-623451~_v-grossgalerie16x9.jpg,Caren Miosga
sendungsbild-623781~_v-grossgalerie16x9.jpg,Caren Miosga
sendungsbild-624099~_v-grossgalerie16x9.jpg,Caren Miosga
sendungsbild-624387~_v-grossgalerie16x9.jpg,Caren Miosga
sendungsbild-624707~_v-grossgalerie16x9.jpg,Caren Miosga
sendungsbild-626583~_v-grossgalerie16x9.jpg,Caren Miosga
sendungsbild-627735~_v-grossgalerie16x9.jpg,Caren Miosga
sendungsbild-628039~_v-grossgalerie16x9.jpg,Caren Miosga
sendungsbild-628325~_v-grossgalerie16x9.jpg,Caren Miosga
sendungsbild-628629~_v-grossgalerie16x9.jpg,Caren Miosga
sendungsbild-629007~_v-grossgalerie16x9.jpg,Caren Miosga
sendungsbild-629301~_v-grossgalerie16x9.jpg,Caren Miosga
sendungsbild-629591~_v-grossgalerie16x9.jpg,Caren Miosga
sendungsbild-629995~_v-grossgalerie16x9.jpg,Caren Miosga
sendungsbild-636533~_v-grossgalerie16x9.jpg,Caren Miosga
sendungsbild-636925~_v-grossgalerie16x9.jpg,Caren Miosga
sendungsbild-637397~_v-grossgalerie16x9.jpg,Caren Miosga
sendungsbild-637877~_v-grossgalerie16x9.jpg,Caren Miosga
sendungsbild-638345~_v-grossgalerie16x9.jpg,Caren Miosga
sendungsbild-638823~_v-grossgalerie16x9.jpg,Caren Miosga
sendungsbild-639397~_v-grossgalerie16x9.jpg,Caren Miosga
sendungsbild-644147~_v-grossgalerie16x9.jpg,Caren Miosga
sendungsbild-644969~_v-grossgalerie16x9.jpg,Caren Miosga
sendungsbild-645271~_v-grossgalerie16x9.jpg,Caren Miosga
sendungsbild-646219~_v-grossgalerie16x9.jpg,Caren Miosga
sendungsbild-647021~_v-grossgalerie16x9.jpg,Caren Miosga
sendungsbild-647537~_v-grossgalerie16x9.jpg,Caren Miosga
sendungsbild-648133~_v-grossgalerie16x9.jpg,Caren Miosga
sendungsbild-649653~_v-grossgalerie16x9.jpg,Caren Miosga
sendungsbild-658531~_v-grossgalerie16x9.jpg,Caren Miosga
sendungsbild-659157~_v-grossgalerie16x9.jpg,Caren Miosga
sendungsbild-659723~_v-grossgalerie16x9.jpg,Caren Miosga
sendungsbild-660069~_v-grossgalerie16x9.jpg,Caren Miosga
sendungsbild-660747~_v-grossgalerie16x9.jpg,Caren Miosga
sendungsbild-660909~_v-grossgalerie16x9.jpg,Caren Miosga
sendungsbild-661167~_v-grossgalerie16x9.jpg,Caren Miosga
sendungsbild-661551~_v-grossgalerie16x9.jpg,Caren Miosga
sendungsbild-665565~_v-grossgalerie16x9.jpg,Caren Miosga
sendungsbild-666173~_v-grossgalerie16x9.jpg,Caren Miosga
sendungsbild-666719~_v-grossgalerie16x9.jpg,Caren Miosga
sendungsbild-667371~_v-grossgalerie16x9.jpg,Caren Miosga
sendungsbild-667887~_v-grossgalerie16x9.jpg,Caren Miosga
sendungsbild-668311~_v-grossgalerie16x9.jpg,Caren Miosga
sendungsbild-668739~_v-grossgalerie16x9.jpg,Caren Miosga
sendungsbild-672857~_v-grossgalerie16x9.jpg,Caren Miosga
sendungsbild-673423~_v-grossgalerie16x9.jpg,Caren Miosga
sendungsbild-673991~_v-grossgalerie16x9.jpg,Caren Miosga
sendungsbild-682597~_v-grossgalerie16x9.jpg,Caren Miosga
sendungsbild-683173~_v-grossgalerie16x9.jpg,Caren Miosga
sendungsbild-683653~_v-grossgalerie16x9.jpg,Caren Miosga
sendungsbild-684107~_v-grossgalerie16x9.jpg,Caren Miosga
sendungsbild-684663~_v-grossgalerie16x9.jpg,Caren Miosga
sendungsbild-685039~_v-grossgalerie16x9.jpg,Caren Miosga
sendungsbild-685411~_v-grossgalerie16x9.jpg,Caren Miosga
sendungsbild-690053~_v-grossgalerie16x9.jpg,Caren Miosga
sendungsbild-690985~_v-grossgalerie16x9.jpg,Caren Miosga
sendungsbild-691205~_v-grossgalerie16x9.jpg,Caren Miosga
sendungsbild-691659~_v-grossgalerie16x9.jpg,Caren Miosga
sendungsbild-692247~_v-grossgalerie16x9.jpg,Caren Miosga
sendungsbild-692631~_v-grossgalerie16x9.jpg,Caren Miosga
sendungsbild-693071~_v-grossgalerie16x9.jpg,Caren Miosga
sendungsbild-697401~_v-grossgalerie16x9.jpg,Caren Miosga
sendungsbild-697937~_v-grossgalerie16x9.jpg,Caren Miosga
sendungsbild-698489~_v-grossgalerie16x9.jpg,Caren Miosga
sendungsbild-698973~_v-grossgalerie16x9.jpg,Caren Miosga
sendungsbild-699541~_v-grossgalerie16x9.jpg,Caren Miosga
sendungsbild-700333~_v-grossgalerie16x9.jpg,Caren Miosga
sendungsbild-704663~_v-grossgalerie16x9.jpg,Caren Miosga
sendungsbild-705821~_v-grossgalerie16x9.jpg,Caren Miosga
sendungsbild-706049~_v-grossgalerie16x9.jpg,Caren Miosga
sendungsbild-706399~_v-grossgalerie16x9.jpg,Caren Miosga
sendungsbild-708289~_v-grossgalerie16x9.jpg,Caren Miosga
sendungsbild-712423~_v-grossgalerie16x9.jpg,Caren Miosga
sendungsbild-713001~_v-grossgalerie16x9.jpg,Caren Miosga
sendungsbild-713603~_v-grossgalerie16x9.jpg,Caren Miosga
sendungsbild-714127~_v-grossgalerie16x9.jpg,Caren Miosga
sendungsbild-714533~_v-grossgalerie16x9.jpg,Caren Miosga
sendungsbild-715115~_v-grossgalerie16x9.jpg,Caren Miosga
sendungsbild-715357~_v-grossgalerie16x9.jpg,Caren Miosga
sendungsbild-448211~_v-grossgalerie16x9.jpg,Ingo Zamperoni
sendungsbild-448733~_v-grossgalerie16x9.jpg,Ingo Zamperoni
sendungsbild-448933~_v-grossgalerie16x9.jpg,Ingo Zamperoni
sendungsbild-449109~_v-grossgalerie16x9.jpg,Ingo Zamperoni
sendungsbild-449637~_v-grossgalerie16x9.jpg,Ingo Zamperoni
sendungsbild-451905~_v-grossgalerie16x9.jpg,Ingo Zamperoni
sendungsbild-451939~_v-grossgalerie16x9.jpg,Ingo Zamperoni
sendungsbild-452299~_v-grossgalerie16x9.jpg,Ingo Zamperoni
sendungsbild-452625~_v-grossgalerie16x9.jpg,Ingo Zamperoni
sendungsbild-452919~_v-grossgalerie16x9.jpg,Ingo Zamperoni
sendungsbild-453091~_v-grossgalerie16x9.jpg,Ingo Zamperoni
sendungsbild-453295~_v-grossgalerie16x9.jpg,Ingo Zamperoni
sendungsbild-455691~_v-grossgalerie16x9.jpg,Ingo Zamperoni
sendungsbild-456039~_v-grossgalerie16x9.jpg,Ingo Zamperoni
sendungsbild-456381~_v-grossgalerie16x9.jpg,Ingo Zamperoni
sendungsbild-456679~_v-grossgalerie16x9.jpg,Ingo Zamperoni
sendungsbild-457011~_v-grossgalerie16x9.jpg,Ingo Zamperoni
sendungsbild-458931~_v-grossgalerie16x9.jpg,Ingo Zamperoni
sendungsbild-459465~_v-grossgalerie16x9.jpg,Ingo Zamperoni
sendungsbild-459767~_v-grossgalerie16x9.jpg,Ingo Zamperoni
sendungsbild-460105~_v-grossgalerie16x9.jpg,Ingo Zamperoni
sendungsbild-460379~_v-grossgalerie16x9.jpg,Ingo Zamperoni
sendungsbild-460687~_v-grossgalerie16x9.jpg,Ingo Zamperoni
sendungsbild-461733~_v-grossgalerie16x9.jpg,Ingo Zamperoni
sendungsbild-463249~_v-grossgalerie16x9.jpg,Ingo Zamperoni
sendungsbild-463745~_v-grossgalerie16x9.jpg,Ingo Zamperoni
sendungsbild-464089~_v-grossgalerie16x9.jpg,Ingo Zamperoni
sendungsbild-464445~_v-grossgalerie16x9.jpg,Ingo Zamperoni
sendungsbild-464789~_v-grossgalerie16x9.jpg,Ingo Zamperoni
sendungsbild-465471~_v-grossgalerie16x9.jpg,Ingo Zamperoni
sendungsbild-465769~_v-grossgalerie16x9.jpg,Ingo Zamperoni
sendungsbild-471255~_v-grossgalerie16x9.jpg,Ingo Zamperoni
sendungsbild-472019~_v-grossgalerie16x9.jpg,Ingo Zamperoni
sendungsbild-472369~_v-grossgalerie16x9.jpg,Ingo Zamperoni
sendungsbild-472707~_v-grossgalerie16x9.jpg,Ingo Zamperoni
sendungsbild-473015~_v-grossgalerie16x9.jpg,Ingo Zamperoni
sendungsbild-473355~_v-grossgalerie16x9.jpg,Ingo Zamperoni
sendungsbild-473573~_v-grossgalerie16x9.jpg,Ingo Zamperoni
sendungsbild-473843~_v-grossgalerie16x9.jpg,Ingo Zamperoni
sendungsbild-476323~_v-grossgalerie16x9.jpg,Ingo Zamperoni
sendungsbild-476671~_v-grossgalerie16x9.jpg,Ingo Zamperoni
sendungsbild-476979~_v-grossgalerie16x9.jpg,Ingo Zamperoni
sendungsbild-477279~_v-grossgalerie16x9.jpg,Ingo Zamperoni
sendungsbild-477613~_v-grossgalerie16x9.jpg,Ingo Zamperoni
sendungsbild-477775~_v-grossgalerie16x9.jpg,Ingo Zamperoni
sendungsbild-477993~_v-grossgalerie16x9.jpg,Ingo Zamperoni
sendungsbild-480169~_v-grossgalerie16x9.jpg,Ingo Zamperoni
sendungsbild-480739~_v-grossgalerie16x9.jpg,Ingo Zamperoni
sendungsbild-481391~_v-grossgalerie16x9.jpg,Ingo Zamperoni
sendungsbild-481741~_v-grossgalerie16x9.jpg,Ingo Zamperoni
sendungsbild-481931~_v-grossgalerie16x9.jpg,Ingo Zamperoni
sendungsbild-482175~_v-grossgalerie16x9.jpg,Ingo Zamperoni
sendungsbild-482545~_v-grossgalerie16x9.jpg,Ingo Zamperoni
sendungsbild-485087~_v-grossgalerie16x9.jpg,Ingo Zamperoni
sendungsbild-485397~_v-grossgalerie16x9.jpg,Ingo Zamperoni
sendungsbild-485725~_v-grossgalerie16x9.jpg,Ingo Zamperoni
sendungsbild-486073~_v-grossgalerie16x9.jpg,Ingo Zamperoni
sendungsbild-486687~_v-grossgalerie16x9.jpg,Ingo Zamperoni
sendungsbild-489047~_v-grossgalerie16x9.jpg,Ingo Zamperoni
sendungsbild-489391~_v-grossgalerie16x9.jpg,Ingo Zamperoni
sendungsbild-490043~_v-grossgalerie16x9.jpg,Ingo Zamperoni
sendungsbild-490153~_v-grossgalerie16x9.jpg,Ingo Zamperoni
sendungsbild-490331~_v-grossgalerie16x9.jpg,Ingo Zamperoni
sendungsbild-490553~_v-grossgalerie16x9.jpg,Ingo Zamperoni
sendungsbild-490873~_v-grossgalerie16x9.jpg,Ingo Zamperoni
sendungsbild-493415~_v-grossgalerie16x9.jpg,Ingo Zamperoni
sendungsbild-493747~_v-grossgalerie16x9.jpg,Ingo Zamperoni
sendungsbild-494091~_v-grossgalerie16x9.jpg,Ingo Zamperoni
sendungsbild-494431~_v-grossgalerie16x9.jpg,Ingo Zamperoni
sendungsbild-494729~_v-grossgalerie16x9.jpg,Ingo Zamperoni
sendungsbild-495013~_v-grossgalerie16x9.jpg,Ingo Zamperoni
sendungsbild-495163~_v-grossgalerie16x9.jpg,Ingo Zamperoni
sendungsbild-497385~_v-grossgalerie16x9.jpg,Ingo Zamperoni
sendungsbild-497689~_v-grossgalerie16x9.jpg,Ingo Zamperoni
sendungsbild-498015~_v-grossgalerie16x9.jpg,Ingo Zamperoni
sendungsbild-498365~_v-grossgalerie16x9.jpg,Ingo Zamperoni
sendungsbild-498703~_v-grossgalerie16x9.jpg,Ingo Zamperoni
sendungsbild-498935~_v-grossgalerie16x9.jpg,Ingo Zamperoni
sendungsbild-499167~_v-grossgalerie16x9.jpg,Ingo Zamperoni
sendungsbild-507907~_v-grossgalerie16x9.jpg,Ingo Zamperoni
sendungsbild-508223~_v-grossgalerie16x9.jpg,Ingo Zamperoni
sendungsbild-508539~_v-grossgalerie16x9.jpg,Ingo Zamperoni
sendungsbild-508913~_v-grossgalerie16x9.jpg,Ingo Zamperoni
sendungsbild-509219~_v-grossgalerie16x9.jpg,Ingo Zamperoni
sendungsbild-509641~_v-grossgalerie16x9.jpg,Ingo Zamperoni
sendungsbild-509773~_v-grossgalerie16x9.jpg,Ingo Zamperoni
sendungsbild-514011~_v-grossgalerie16x9.jpg,Ingo Zamperoni
sendungsbild-514309~_v-grossgalerie16x9.jpg,Ingo Zamperoni
sendungsbild-514615~_v-grossgalerie16x9.jpg,Ingo Zamperoni
sendungsbild-515203~_v-grossgalerie16x9.jpg,Ingo Zamperoni
sendungsbild-515405~_v-grossgalerie16x9.jpg,Ingo Zamperoni
sendungsbild-515663~_v-grossgalerie16x9.jpg,Ingo Zamperoni
sendungsbild-516923~_v-grossgalerie16x9.jpg,Ingo Zamperoni
sendungsbild-518233~_v-grossgalerie16x9.jpg,Ingo Zamperoni
sendungsbild-518509~_v-grossgalerie16x9.jpg,Ingo Zamperoni
sendungsbild-518835~_v-grossgalerie16x9.jpg,Ingo Zamperoni
sendungsbild-519135~_v-grossgalerie16x9.jpg,Ingo Zamperoni
sendungsbild-519417~_v-grossgalerie16x9.jpg,Ingo Zamperoni
sendungsbild-519637~_v-grossgalerie16x9.jpg,Ingo Zamperoni
sendungsbild-519927~_v-grossgalerie16x9.jpg,Ingo Zamperoni
sendungsbild-519975~_v-grossgalerie16x9.jpg,Ingo Zamperoni
sendungsbild-522491~_v-grossgalerie16x9.jpg,Ingo Zamperoni
sendungsbild-522761~_v-grossgalerie16x9.jpg,Ingo Zamperoni
sendungsbild-523053~_v-grossgalerie16x9.jpg,Ingo Zamperoni
sendungsbild-523379~_v-grossgalerie16x9.jpg,Ingo Zamperoni
sendungsbild-523683~_v-grossgalerie16x9.jpg,Ingo Zamperoni
sendungsbild-525211~_v-grossgalerie16x9.jpg,Ingo Zamperoni
sendungsbild-526407~_v-grossgalerie16x9.jpg,Ingo Zamperoni
sendungsbild-526743~_v-grossgalerie16x9.jpg,Ingo Zamperoni
sendungsbild-527051~_v-grossgalerie16x9.jpg,Ingo Zamperoni
sendungsbild-527359~_v-grossgalerie16x9.jpg,Ingo Zamperoni
sendungsbild-527671~_v-grossgalerie16x9.jpg,Ingo Zamperoni
sendungsbild-527865~_v-grossgalerie16x9.jpg,Ingo Zamperoni
sendungsbild-528111~_v-grossgalerie16x9.jpg,Ingo Zamperoni
sendungsbild-528461~_v-grossgalerie16x9.jpg,Ingo Zamperoni
sendungsbild-528789~_v-grossgalerie16x9.jpg,Ingo Zamperoni
sendungsbild-529101~_v-grossgalerie16x9.jpg,Ingo Zamperoni
sendungsbild-529333~_v-grossgalerie16x9.jpg,Ingo Zamperoni
sendungsbild-534885~_v-grossgalerie16x9.jpg,Ingo Zamperoni
sendungsbild-535263~_v-grossgalerie16x9.jpg,Ingo Zamperoni
sendungsbild-535629~_v-grossgalerie16x9.jpg,Ingo Zamperoni
sendungsbild-535897~_v-grossgalerie16x9.jpg,Ingo Zamperoni
sendungsbild-536185~_v-grossgalerie16x9.jpg,Ingo Zamperoni
sendungsbild-536423~_v-grossgalerie16x9.jpg,Ingo Zamperoni
sendungsbild-536725~_v-grossgalerie16x9.jpg,Ingo Zamperoni
sendungsbild-538087~_v-grossgalerie16x9.jpg,Ingo Zamperoni
sendungsbild-538601~_v-grossgalerie16x9.jpg,Ingo Zamperoni
sendungsbild-538831~_v-grossgalerie16x9.jpg,Ingo Zamperoni
sendungsbild-539103~_v-grossgalerie16x9.jpg,Ingo Zamperoni
sendungsbild-539379~_v-grossgalerie16x9.jpg,Ingo Zamperoni
sendungsbild-539987~_v-grossgalerie16x9.jpg,Ingo Zamperoni
sendungsbild-541367~_v-grossgalerie16x9.jpg,Ingo Zamperoni
sendungsbild-543189~_v-grossgalerie16x9.jpg,Ingo Zamperoni
sendungsbild-543637~_v-grossgalerie16x9.jpg,Ingo Zamperoni
sendungsbild-543841~_v-grossgalerie16x9.jpg,Ingo Zamperoni
sendungsbild-544213~_v-grossgalerie16x9.jpg,Ingo Zamperoni
sendungsbild-544509~_v-grossgalerie16x9.jpg,Ingo Zamperoni
sendungsbild-544737~_v-grossgalerie16x9.jpg,Ingo Zamperoni
sendungsbild-544987~_v-grossgalerie16x9.jpg,Ingo Zamperoni
sendungsbild-548007~_v-grossgalerie16x9.jpg,Ingo Zamperoni
sendungsbild-548317~_v-grossgalerie16x9.jpg,Ingo Zamperoni
sendungsbild-548627~_v-grossgalerie16x9.jpg,Ingo Zamperoni
sendungsbild-549083~_v-grossgalerie16x9.jpg,Ingo Zamperoni
sendungsbild-551471~_v-grossgalerie16x9.jpg,Ingo Zamperoni
sendungsbild-552089~_v-grossgalerie16x9.jpg,Ingo Zamperoni
sendungsbild-552363~_v-grossgalerie16x9.jpg,Ingo Zamperoni
sendungsbild-552665~_v-grossgalerie16x9.jpg,Ingo Zamperoni
sendungsbild-552877~_v-grossgalerie16x9.jpg,Ingo Zamperoni
sendungsbild-553067~_v-grossgalerie16x9.jpg,Ingo Zamperoni
sendungsbild-553363~_v-grossgalerie16x9.jpg,Ingo Zamperoni
sendungsbild-554801~_v-grossgalerie16x9.jpg,Ingo Zamperoni
sendungsbild-555447~_v-grossgalerie16x9.jpg,Ingo Zamperoni
sendungsbild-556275~_v-grossgalerie16x9.jpg,Ingo Zamperoni
sendungsbild-558829~_v-grossgalerie16x9.jpg,Ingo Zamperoni
sendungsbild-559145~_v-grossgalerie16x9.jpg,Ingo Zamperoni
sendungsbild-559449~_v-grossgalerie16x9.jpg,Ingo Zamperoni
sendungsbild-559745~_v-grossgalerie16x9.jpg,Ingo Zamperoni
sendungsbild-560043~_v-grossgalerie16x9.jpg,Ingo Zamperoni
sendungsbild-560259~_v-grossgalerie16x9.jpg,Ingo Zamperoni
sendungsbild-560479~_v-grossgalerie16x9.jpg,Ingo Zamperoni
sendungsbild-560495~_v-grossgalerie16x9.jpg,Ingo Zamperoni
sendungsbild-563159~_v-grossgalerie16x9.jpg,Ingo Zamperoni
sendungsbild-563293~_v-grossgalerie16x9.jpg,Ingo Zamperoni
sendungsbild-564255~_v-grossgalerie16x9.jpg,Ingo Zamperoni
sendungsbild-564271~_v-grossgalerie16x9.jpg,Ingo Zamperoni
sendungsbild-566607~_v-grossgalerie16x9.jpg,Ingo Zamperoni
sendungsbild-566865~_v-grossgalerie16x9.jpg,Ingo Zamperoni
sendungsbild-567219~_v-grossgalerie16x9.jpg,Ingo Zamperoni
sendungsbild-567553~_v-grossgalerie16x9.jpg,Ingo Zamperoni
sendungsbild-568545~_v-grossgalerie16x9.jpg,Ingo Zamperoni
sendungsbild-568781~_v-grossgalerie16x9.jpg,Ingo Zamperoni
sendungsbild-569071~_v-grossgalerie16x9.jpg,Ingo Zamperoni
sendungsbild-569073~_v-grossgalerie16x9.jpg,Ingo Zamperoni
sendungsbild-570313~_v-grossgalerie16x9.jpg,Ingo Zamperoni
sendungsbild-571581~_v-grossgalerie16x9.jpg,Ingo Zamperoni
sendungsbild-571921~_v-grossgalerie16x9.jpg,Ingo Zamperoni
sendungsbild-572527~_v-grossgalerie16x9.jpg,Ingo Zamperoni
sendungsbild-572819~_v-grossgalerie16x9.jpg,Ingo Zamperoni
sendungsbild-575683~_v-grossgalerie16x9.jpg,Ingo Zamperoni
sendungsbild-576039~_v-grossgalerie16x9.jpg,Ingo Zamperoni
sendungsbild-576333~_v-grossgalerie16x9.jpg,Ingo Zamperoni
sendungsbild-576655~_v-grossgalerie16x9.jpg,Ingo Zamperoni
sendungsbild-576937~_v-grossgalerie16x9.jpg,Ingo Zamperoni
sendungsbild-580047~_v-grossgalerie16x9.jpg,Ingo Zamperoni
sendungsbild-580379~_v-grossgalerie16x9.jpg,Ingo Zamperoni
sendungsbild-580683~_v-grossgalerie16x9.jpg,Ingo Zamperoni
sendungsbild-580969~_v-grossgalerie16x9.jpg,Ingo Zamperoni
sendungsbild-583301~_v-grossgalerie16x9.jpg,Ingo Zamperoni
sendungsbild-583495~_v-grossgalerie16x9.jpg,Ingo Zamperoni
sendungsbild-583721~_v-grossgalerie16x9.jpg,Ingo Zamperoni
sendungsbild-584007~_v-grossgalerie16x9.jpg,Ingo Zamperoni
sendungsbild-584315~_v-grossgalerie16x9.jpg,Ingo Zamperoni
sendungsbild-584615~_v-grossgalerie16x9.jpg,Ingo Zamperoni
sendungsbild-584897~_v-grossgalerie16x9.jpg,Ingo Zamperoni
sendungsbild-585053~_v-grossgalerie16x9.jpg,Ingo Zamperoni
sendungsbild-585235~_v-grossgalerie16x9.jpg,Ingo Zamperoni
sendungsbild-585453~_v-grossgalerie16x9.jpg,Ingo Zamperoni
sendungsbild-588415~_v-grossgalerie16x9.jpg,Ingo Zamperoni
sendungsbild-588683~_v-grossgalerie16x9.jpg,Ingo Zamperoni
sendungsbild-588863~_v-grossgalerie16x9.jpg,Ingo Zamperoni
sendungsbild-589035~_v-grossgalerie16x9.jpg,Ingo Zamperoni
sendungsbild-589271~_v-grossgalerie16x9.jpg,Ingo Zamperoni
sendungsbild-589307~_v-grossgalerie16x9.jpg,Ingo Zamperoni
sendungsbild-589965~_v-grossgalerie16x9.jpg,Ingo Zamperoni
sendungsbild-590283~_v-grossgalerie16x9.jpg,Ingo Zamperoni
sendungsbild-593897~_v-grossgalerie16x9.jpg,Ingo Zamperoni
sendungsbild-595351~_v-grossgalerie16x9.jpg,Ingo Zamperoni
sendungsbild-595399~_v-grossgalerie16x9.jpg,Ingo Zamperoni
sendungsbild-595653~_v-grossgalerie16x9.jpg,Ingo Zamperoni
sendungsbild-595675~_v-grossgalerie16x9.jpg,Ingo Zamperoni
sendungsbild-595677~_v-grossgalerie16x9.jpg,Ingo Zamperoni
sendungsbild-595687~_v-grossgalerie16x9.jpg,Ingo Zamperoni
sendungsbild-596301~_v-grossgalerie16x9.jpg,Ingo Zamperoni
sendungsbild-598395~_v-grossgalerie16x9.jpg,Ingo Zamperoni
sendungsbild-598693~_v-grossgalerie16x9.jpg,Ingo Zamperoni
sendungsbild-599013~_v-grossgalerie16x9.jpg,Ingo Zamperoni
sendungsbild-599341~_v-grossgalerie16x9.jpg,Ingo Zamperoni
sendungsbild-599641~_v-grossgalerie16x9.jpg,Ingo Zamperoni
sendungsbild-599795~_v-grossgalerie16x9.jpg,Ingo Zamperoni
sendungsbild-599959~_v-grossgalerie16x9.jpg,Ingo Zamperoni
sendungsbild-602055~_v-grossgalerie16x9.jpg,Ingo Zamperoni
sendungsbild-602663~_v-grossgalerie16x9.jpg,Ingo Zamperoni
sendungsbild-602965~_v-grossgalerie16x9.jpg,Ingo Zamperoni
sendungsbild-603279~_v-grossgalerie16x9.jpg,Ingo Zamperoni
sendungsbild-603465~_v-grossgalerie16x9.jpg,Ingo Zamperoni
sendungsbild-603729~_v-grossgalerie16x9.jpg,Ingo Zamperoni
sendungsbild-605055~_v-grossgalerie16x9.jpg,Ingo Zamperoni
sendungsbild-609811~_v-grossgalerie16x9.jpg,Ingo Zamperoni
sendungsbild-610117~_v-grossgalerie16x9.jpg,Ingo Zamperoni
sendungsbild-610441~_v-grossgalerie16x9.jpg,Ingo Zamperoni
sendungsbild-610727~_v-grossgalerie16x9.jpg,Ingo Zamperoni
sendungsbild-611269~_v-grossgalerie16x9.jpg,Ingo Zamperoni
sendungsbild-611461~_v-grossgalerie16x9.jpg,Ingo Zamperoni
sendungsbild-614037~_v-grossgalerie16x9.jpg,Ingo Zamperoni
sendungsbild-614049~_v-grossgalerie16x9.jpg,Ingo Zamperoni
sendungsbild-614353~_v-grossgalerie16x9.jpg,Ingo Zamperoni
sendungsbild-614675~_v-grossgalerie16x9.jpg,Ingo Zamperoni
sendungsbild-615077~_v-grossgalerie16x9.jpg,Ingo Zamperoni
sendungsbild-615369~_v-grossgalerie16x9.jpg,Ingo Zamperoni
sendungsbild-615711~_v-grossgalerie16x9.jpg,Ingo Zamperoni
sendungsbild-615715~_v-grossgalerie16x9.jpg,Ingo Zamperoni
sendungsbild-617271~_v-grossgalerie16x9.jpg,Ingo Zamperoni
sendungsbild-617609~_v-grossgalerie16x9.jpg,Ingo Zamperoni
sendungsbild-617957~_v-grossgalerie16x9.jpg,Ingo Zamperoni
sendungsbild-618245~_v-grossgalerie16x9.jpg,Ingo Zamperoni
sendungsbild-618553~_v-grossgalerie16x9.jpg,Ingo Zamperoni
sendungsbild-618845~_v-grossgalerie16x9.jpg,Ingo Zamperoni
sendungsbild-619069~_v-grossgalerie16x9.jpg,Ingo Zamperoni
sendungsbild-621567~_v-grossgalerie16x9.jpg,Ingo Zamperoni
sendungsbild-621837~_v-grossgalerie16x9.jpg,Ingo Zamperoni
sendungsbild-622153~_v-grossgalerie16x9.jpg,Ingo Zamperoni
sendungsbild-622441~_v-grossgalerie16x9.jpg,Ingo Zamperoni
sendungsbild-622741~_v-grossgalerie16x9.jpg,Ingo Zamperoni
sendungsbild-625447~_v-grossgalerie16x9.jpg,Ingo Zamperoni
sendungsbild-625757~_v-grossgalerie16x9.jpg,Ingo Zamperoni
sendungsbild-626107~_v-grossgalerie16x9.jpg,Ingo Zamperoni
sendungsbild-626455~_v-grossgalerie16x9.jpg,Ingo Zamperoni
sendungsbild-626603~_v-grossgalerie16x9.jpg,Ingo Zamperoni
sendungsbild-626763~_v-grossgalerie16x9.jpg,Ingo Zamperoni
sendungsbild-626959~_v-grossgalerie16x9.jpg,Ingo Zamperoni
sendungsbild-627133~_v-grossgalerie16x9.jpg,Ingo Zamperoni
sendungsbild-627427~_v-grossgalerie16x9.jpg,Ingo Zamperoni
sendungsbild-636169~_v-grossgalerie16x9.jpg,Ingo Zamperoni
sendungsbild-637631~_v-grossgalerie16x9.jpg,Ingo Zamperoni
sendungsbild-639795~_v-grossgalerie16x9.jpg,Ingo Zamperoni
sendungsbild-640173~_v-grossgalerie16x9.jpg,Ingo Zamperoni
sendungsbild-641061~_v-grossgalerie16x9.jpg,Ingo Zamperoni
sendungsbild-641125~_v-grossgalerie16x9.jpg,Ingo Zamperoni
sendungsbild-641723~_v-grossgalerie16x9.jpg,Ingo Zamperoni
sendungsbild-642219~_v-grossgalerie16x9.jpg,Ingo Zamperoni
sendungsbild-642747~_v-grossgalerie16x9.jpg,Ingo Zamperoni
sendungsbild-643141~_v-grossgalerie16x9.jpg,Ingo Zamperoni
sendungsbild-643477~_v-grossgalerie16x9.jpg,Ingo Zamperoni
sendungsbild-645743~_v-grossgalerie16x9.jpg,Ingo Zamperoni
sendungsbild-649093~_v-grossgalerie16x9.jpg,Ingo Zamperoni
sendungsbild-654211~_v-grossgalerie16x9.jpg,Ingo Zamperoni
sendungsbild-654541~_v-grossgalerie16x9.jpg,Ingo Zamperoni
sendungsbild-654991~_v-grossgalerie16x9.jpg,Ingo Zamperoni
sendungsbild-656113~_v-grossgalerie16x9.jpg,Ingo Zamperoni
sendungsbild-656567~_v-grossgalerie16x9.jpg,Ingo Zamperoni
sendungsbild-657005~_v-grossgalerie16x9.jpg,Ingo Zamperoni
sendungsbild-657133~_v-grossgalerie16x9.jpg,Ingo Zamperoni
sendungsbild-657525~_v-grossgalerie16x9.jpg,Ingo Zamperoni
sendungsbild-657941~_v-grossgalerie16x9.jpg,Ingo Zamperoni
sendungsbild-662133~_v-grossgalerie16x9.jpg,Ingo Zamperoni
sendungsbild-662663~_v-grossgalerie16x9.jpg,Ingo Zamperoni
sendungsbild-663219~_v-grossgalerie16x9.jpg,Ingo Zamperoni
sendungsbild-663693~_v-grossgalerie16x9.jpg,Ingo Zamperoni
sendungsbild-664243~_v-grossgalerie16x9.jpg,Ingo Zamperoni
sendungsbild-664565~_v-grossgalerie16x9.jpg,Ingo Zamperoni
sendungsbild-664967~_v-grossgalerie16x9.jpg,Ingo Zamperoni
sendungsbild-669301~_v-grossgalerie16x9.jpg,Ingo Zamperoni
sendungsbild-669843~_v-grossgalerie16x9.jpg,Ingo Zamperoni
sendungsbild-670395~_v-grossgalerie16x9.jpg,Ingo Zamperoni
sendungsbild-670911~_v-grossgalerie16x9.jpg,Ingo Zamperoni
sendungsbild-671845~_v-grossgalerie16x9.jpg,Ingo Zamperoni
sendungsbild-672279~_v-grossgalerie16x9.jpg,Ingo Zamperoni
sendungsbild-679091~_v-grossgalerie16x9.jpg,Ingo Zamperoni
sendungsbild-679563~_v-grossgalerie16x9.jpg,Ingo Zamperoni
sendungsbild-680171~_v-grossgalerie16x9.jpg,Ingo Zamperoni
sendungsbild-680783~_v-grossgalerie16x9.jpg,Ingo Zamperoni
sendungsbild-681335~_v-grossgalerie16x9.jpg,Ingo Zamperoni
sendungsbild-682511~_v-grossgalerie16x9.jpg,Ingo Zamperoni
sendungsbild-682535~_v-grossgalerie16x9.jpg,Ingo Zamperoni
sendungsbild-686963~_v-grossgalerie16x9.jpg,Ingo Zamperoni
sendungsbild-687305~_v-grossgalerie16x9.jpg,Ingo Zamperoni
sendungsbild-688601~_v-grossgalerie16x9.jpg,Ingo Zamperoni
sendungsbild-689009~_v-grossgalerie16x9.jpg,Ingo Zamperoni
sendungsbild-689457~_v-grossgalerie16x9.jpg,Ingo Zamperoni
sendungsbild-689691~_v-grossgalerie16x9.jpg,Ingo Zamperoni
sendungsbild-693751~_v-grossgalerie16x9.jpg,Ingo Zamperoni
sendungsbild-694311~_v-grossgalerie16x9.jpg,Ingo Zamperoni
sendungsbild-694875~_v-grossgalerie16x9.jpg,Ingo Zamperoni
sendungsbild-695501~_v-grossgalerie16x9.jpg,Ingo Zamperoni
sendungsbild-696103~_v-grossgalerie16x9.jpg,Ingo Zamperoni
sendungsbild-696445~_v-grossgalerie16x9.jpg,Ingo Zamperoni
sendungsbild-696775~_v-grossgalerie16x9.jpg,Ingo Zamperoni
sendungsbild-700915~_v-grossgalerie16x9.jpg,Ingo Zamperoni
sendungsbild-701543~_v-grossgalerie16x9.jpg,Ingo Zamperoni
sendungsbild-702153~_v-grossgalerie16x9.jpg,Ingo Zamperoni
sendungsbild-702727~_v-grossgalerie16x9.jpg,Ingo Zamperoni
sendungsbild-703273~_v-grossgalerie16x9.jpg,Ingo Zamperoni
sendungsbild-703669~_v-grossgalerie16x9.jpg,Ingo Zamperoni
sendungsbild-704053~_v-grossgalerie16x9.jpg,Ingo Zamperoni
sendungsbild-707749~_v-grossgalerie16x9.jpg,Ingo Zamperoni
sendungsbild-709423~_v-grossgalerie16x9.jpg,Ingo Zamperoni
sendungsbild-709447~_v-grossgalerie16x9.jpg,Ingo Zamperoni
sendungsbild-710925~_v-grossgalerie16x9.jpg,Ingo Zamperoni
sendungsbild-712715~_v-grossgalerie16x9.jpg,Ingo Zamperoni
sendungsbild-716343~_v-grossgalerie16x9.jpg,Ingo Zamperoni
sendungsbild-716955~_v-grossgalerie16x9.jpg,Ingo Zamperoni
sendungsbild-447571~_v-grossgalerie16x9.jpg,Pinar Atalay
sendungsbild-447875~_v-grossgalerie16x9.jpg,Pinar Atalay
sendungsbild-449373~_v-grossgalerie16x9.jpg,Pinar Atalay
sendungsbild-450153~_v-grossgalerie16x9.jpg,Pinar Atalay
sendungsbild-450547~_v-grossgalerie16x9.jpg,Pinar Atalay
sendungsbild-450719~_v-grossgalerie16x9.jpg,Pinar Atalay
sendungsbild-451563~_v-grossgalerie16x9.jpg,Pinar Atalay
sendungsbild-453635~_v-grossgalerie16x9.jpg,Pinar Atalay
sendungsbild-453967~_v-grossgalerie16x9.jpg,Pinar Atalay
sendungsbild-454303~_v-grossgalerie16x9.jpg,Pinar Atalay
sendungsbild-454641~_v-grossgalerie16x9.jpg,Pinar Atalay
sendungsbild-454969~_v-grossgalerie16x9.jpg,Pinar Atalay
sendungsbild-455157~_v-grossgalerie16x9.jpg,Pinar Atalay
sendungsbild-455407~_v-grossgalerie16x9.jpg,Pinar Atalay
sendungsbild-458939~_v-grossgalerie16x9.jpg,Pinar Atalay
sendungsbild-459273~_v-grossgalerie16x9.jpg,Pinar Atalay
sendungsbild-460991~_v-grossgalerie16x9.jpg,Pinar Atalay
sendungsbild-461183~_v-grossgalerie16x9.jpg,Pinar Atalay
sendungsbild-461407~_v-grossgalerie16x9.jpg,Pinar Atalay
sendungsbild-465081~_v-grossgalerie16x9.jpg,Pinar Atalay
sendungsbild-465275~_v-grossgalerie16x9.jpg,Pinar Atalay
sendungsbild-467109~_v-grossgalerie16x9.jpg,Pinar Atalay
sendungsbild-467941~_v-grossgalerie16x9.jpg,Pinar Atalay
sendungsbild-468103~_v-grossgalerie16x9.jpg,Pinar Atalay
sendungsbild-468139~_v-grossgalerie16x9.jpg,Pinar Atalay
sendungsbild-468427~_v-grossgalerie16x9.jpg,Pinar Atalay
sendungsbild-468751~_v-grossgalerie16x9.jpg,Pinar Atalay
sendungsbild-468977~_v-grossgalerie16x9.jpg,Pinar Atalay
sendungsbild-469193~_v-grossgalerie16x9.jpg,Pinar Atalay
sendungsbild-469327~_v-grossgalerie16x9.jpg,Pinar Atalay
sendungsbild-469547~_v-grossgalerie16x9.jpg,Pinar Atalay
sendungsbild-470555~_v-grossgalerie16x9.jpg,Pinar Atalay
sendungsbild-475289~_v-grossgalerie16x9.jpg,Pinar Atalay
sendungsbild-479659~_v-grossgalerie16x9.jpg,Pinar Atalay
sendungsbild-479891~_v-grossgalerie16x9.jpg,Pinar Atalay
sendungsbild-480411~_v-grossgalerie16x9.jpg,Pinar Atalay
sendungsbild-482881~_v-grossgalerie16x9.jpg,Pinar Atalay
sendungsbild-483149~_v-grossgalerie16x9.jpg,Pinar Atalay
sendungsbild-486253~_v-grossgalerie16x9.jpg,Pinar Atalay
sendungsbild-486489~_v-grossgalerie16x9.jpg,Pinar Atalay
sendungsbild-488417~_v-grossgalerie16x9.jpg,Pinar Atalay
sendungsbild-488433~_v-grossgalerie16x9.jpg,Pinar Atalay
sendungsbild-488703~_v-grossgalerie16x9.jpg,Pinar Atalay
sendungsbild-491283~_v-grossgalerie16x9.jpg,Pinar Atalay
sendungsbild-491615~_v-grossgalerie16x9.jpg,Pinar Atalay
sendungsbild-491955~_v-grossgalerie16x9.jpg,Pinar Atalay
sendungsbild-492177~_v-grossgalerie16x9.jpg,Pinar Atalay
sendungsbild-492523~_v-grossgalerie16x9.jpg,Pinar Atalay
sendungsbild-492597~_v-grossgalerie16x9.jpg,Pinar Atalay
sendungsbild-492737~_v-grossgalerie16x9.jpg,Pinar Atalay
sendungsbild-493027~_v-grossgalerie16x9.jpg,Pinar Atalay
sendungsbild-501711~_v-grossgalerie16x9.jpg,Pinar Atalay
sendungsbild-502047~_v-grossgalerie16x9.jpg,Pinar Atalay
sendungsbild-502083~_v-grossgalerie16x9.jpg,Pinar Atalay
sendungsbild-502379~_v-grossgalerie16x9.jpg,Pinar Atalay
sendungsbild-502709~_v-grossgalerie16x9.jpg,Pinar Atalay
sendungsbild-503031~_v-grossgalerie16x9.jpg,Pinar Atalay
sendungsbild-505583~_v-grossgalerie16x9.jpg,Pinar Atalay
sendungsbild-505897~_v-grossgalerie16x9.jpg,Pinar Atalay
sendungsbild-506203~_v-grossgalerie16x9.jpg,Pinar Atalay
sendungsbild-506515~_v-grossgalerie16x9.jpg,Pinar Atalay
sendungsbild-507123~_v-grossgalerie16x9.jpg,Pinar Atalay
sendungsbild-507359~_v-grossgalerie16x9.jpg,Pinar Atalay
sendungsbild-507587~_v-grossgalerie16x9.jpg,Pinar Atalay
sendungsbild-507673~_v-grossgalerie16x9.jpg,Pinar Atalay
sendungsbild-509949~_v-grossgalerie16x9.jpg,Pinar Atalay
sendungsbild-510287~_v-grossgalerie16x9.jpg,Pinar Atalay
sendungsbild-510623~_v-grossgalerie16x9.jpg,Pinar Atalay
sendungsbild-510947~_v-grossgalerie16x9.jpg,Pinar Atalay
sendungsbild-511247~_v-grossgalerie16x9.jpg,Pinar Atalay
sendungsbild-511455~_v-grossgalerie16x9.jpg,Pinar Atalay
sendungsbild-511711~_v-grossgalerie16x9.jpg,Pinar Atalay
sendungsbild-511997~_v-grossgalerie16x9.jpg,Pinar Atalay
sendungsbild-523875~_v-grossgalerie16x9.jpg,Pinar Atalay
sendungsbild-529617~_v-grossgalerie16x9.jpg,Pinar Atalay
sendungsbild-529829~_v-grossgalerie16x9.jpg,Pinar Atalay
sendungsbild-530075~_v-grossgalerie16x9.jpg,Pinar Atalay
sendungsbild-530361~_v-grossgalerie16x9.jpg,Pinar Atalay
sendungsbild-530657~_v-grossgalerie16x9.jpg,Pinar Atalay
sendungsbild-531045~_v-grossgalerie16x9.jpg,Pinar Atalay
sendungsbild-531385~_v-grossgalerie16x9.jpg,Pinar Atalay
sendungsbild-531685~_v-grossgalerie16x9.jpg,Pinar Atalay
sendungsbild-531945~_v-grossgalerie16x9.jpg,Pinar Atalay
sendungsbild-532209~_v-grossgalerie16x9.jpg,Pinar Atalay
sendungsbild-538409~_v-grossgalerie16x9.jpg,Pinar Atalay
sendungsbild-541455~_v-grossgalerie16x9.jpg,Pinar Atalay
sendungsbild-541751~_v-grossgalerie16x9.jpg,Pinar Atalay
sendungsbild-542645~_v-grossgalerie16x9.jpg,Pinar Atalay
sendungsbild-542895~_v-grossgalerie16x9.jpg,Pinar Atalay
sendungsbild-547377~_v-grossgalerie16x9.jpg,Pinar Atalay
sendungsbild-548845~_v-grossgalerie16x9.jpg,Pinar Atalay
sendungsbild-550767~_v-grossgalerie16x9.jpg,Pinar Atalay
sendungsbild-554163~_v-grossgalerie16x9.jpg,Pinar Atalay
sendungsbild-554343~_v-grossgalerie16x9.jpg,Pinar Atalay
sendungsbild-554521~_v-grossgalerie16x9.jpg,Pinar Atalay
sendungsbild-555549~_v-grossgalerie16x9.jpg,Pinar Atalay
sendungsbild-555857~_v-grossgalerie16x9.jpg,Pinar Atalay
sendungsbild-556055~_v-grossgalerie16x9.jpg,Pinar Atalay
sendungsbild-556653~_v-grossgalerie16x9.jpg,Pinar Atalay
sendungsbild-556993~_v-grossgalerie16x9.jpg,Pinar Atalay
sendungsbild-560963~_v-grossgalerie16x9.jpg,Pinar Atalay
sendungsbild-563573~_v-grossgalerie16x9.jpg,Pinar Atalay
sendungsbild-563613~_v-grossgalerie16x9.jpg,Pinar Atalay
sendungsbild-563939~_v-grossgalerie16x9.jpg,Pinar Atalay
sendungsbild-568981~_v-grossgalerie16x9.jpg,Pinar Atalay
sendungsbild-573217~_v-grossgalerie16x9.jpg,Pinar Atalay
sendungsbild-573585~_v-grossgalerie16x9.jpg,Pinar Atalay
sendungsbild-573935~_v-grossgalerie16x9.jpg,Pinar Atalay
sendungsbild-574633~_v-grossgalerie16x9.jpg,Pinar Atalay
sendungsbild-574937~_v-grossgalerie16x9.jpg,Pinar Atalay
sendungsbild-575121~_v-grossgalerie16x9.jpg,Pinar Atalay
sendungsbild-575361~_v-grossgalerie16x9.jpg,Pinar Atalay
sendungsbild-577137~_v-grossgalerie16x9.jpg,Pinar Atalay
sendungsbild-578393~_v-grossgalerie16x9.jpg,Pinar Atalay
sendungsbild-578635~_v-grossgalerie16x9.jpg,Pinar Atalay
sendungsbild-582301~_v-grossgalerie16x9.jpg,Pinar Atalay
sendungsbild-585697~_v-grossgalerie16x9.jpg,Pinar Atalay
sendungsbild-590491~_v-grossgalerie16x9.jpg,Pinar Atalay
sendungsbild-590711~_v-grossgalerie16x9.jpg,Pinar Atalay
sendungsbild-590891~_v-grossgalerie16x9.jpg,Pinar Atalay
sendungsbild-592851~_v-grossgalerie16x9.jpg,Pinar Atalay
sendungsbild-595609~_v-grossgalerie16x9.jpg,Pinar Atalay
sendungsbild-596101~_v-grossgalerie16x9.jpg,Pinar Atalay
sendungsbild-596299~_v-grossgalerie16x9.jpg,Pinar Atalay
sendungsbild-601537~_v-grossgalerie16x9.jpg,Pinar Atalay
sendungsbild-601747~_v-grossgalerie16x9.jpg,Pinar Atalay
sendungsbild-605225~_v-grossgalerie16x9.jpg,Pinar Atalay
sendungsbild-605923~_v-grossgalerie16x9.jpg,Pinar Atalay
sendungsbild-606255~_v-grossgalerie16x9.jpg,Pinar Atalay
sendungsbild-606551~_v-grossgalerie16x9.jpg,Pinar Atalay
sendungsbild-606823~_v-grossgalerie16x9.jpg,Pinar Atalay
sendungsbild-607139~_v-grossgalerie16x9.jpg,Pinar Atalay
sendungsbild-607353~_v-grossgalerie16x9.jpg,Pinar Atalay
sendungsbild-607535~_v-grossgalerie16x9.jpg,Pinar Atalay
sendungsbild-609521~_v-grossgalerie16x9.jpg,Pinar Atalay
sendungsbild-611773~_v-grossgalerie16x9.jpg,Pinar Atalay
sendungsbild-612441~_v-grossgalerie16x9.jpg,Pinar Atalay
sendungsbild-612769~_v-grossgalerie16x9.jpg,Pinar Atalay
sendungsbild-613059~_v-grossgalerie16x9.jpg,Pinar Atalay
sendungsbild-613101~_v-grossgalerie16x9.jpg,Pinar Atalay
sendungsbild-613303~_v-grossgalerie16x9.jpg,Pinar Atalay
sendungsbild-613503~_v-grossgalerie16x9.jpg,Pinar Atalay
sendungsbild-630143~_v-grossgalerie16x9.jpg,Pinar Atalay
sendungsbild-630405~_v-grossgalerie16x9.jpg,Pinar Atalay
sendungsbild-630607~_v-grossgalerie16x9.jpg,Pinar Atalay
sendungsbild-630813~_v-grossgalerie16x9.jpg,Pinar Atalay
sendungsbild-631651~_v-grossgalerie16x9.jpg,Pinar Atalay
sendungsbild-632137~_v-grossgalerie16x9.jpg,Pinar Atalay
sendungsbild-632579~_v-grossgalerie16x9.jpg,Pinar Atalay
sendungsbild-633025~_v-grossgalerie16x9.jpg,Pinar Atalay
sendungsbild-633689~_v-grossgalerie16x9.jpg,Pinar Atalay
sendungsbild-634147~_v-grossgalerie16x9.jpg,Pinar Atalay
sendungsbild-634667~_v-grossgalerie16x9.jpg,Pinar Atalay
sendungsbild-635205~_v-grossgalerie16x9.jpg,Pinar Atalay
sendungsbild-635707~_v-grossgalerie16x9.jpg,Pinar Atalay
sendungsbild-650207~_v-grossgalerie16x9.jpg,Pinar Atalay
sendungsbild-650619~_v-grossgalerie16x9.jpg,Pinar Atalay
sendungsbild-650673~_v-grossgalerie16x9.jpg,Pinar Atalay
sendungsbild-651011~_v-grossgalerie16x9.jpg,Pinar Atalay
sendungsbild-651525~_v-grossgalerie16x9.jpg,Pinar Atalay
sendungsbild-652109~_v-grossgalerie16x9.jpg,Pinar Atalay
sendungsbild-652661~_v-grossgalerie16x9.jpg,Pinar Atalay
sendungsbild-653239~_v-grossgalerie16x9.jpg,Pinar Atalay
sendungsbild-653851~_v-grossgalerie16x9.jpg,Pinar Atalay
sendungsbild-675497~_v-grossgalerie16x9.jpg,Pinar Atalay
sendungsbild-675961~_v-grossgalerie16x9.jpg,Pinar Atalay
sendungsbild-676553~_v-grossgalerie16x9.jpg,Pinar Atalay
sendungsbild-677155~_v-grossgalerie16x9.jpg,Pinar Atalay
sendungsbild-678191~_v-grossgalerie16x9.jpg,Pinar Atalay
sendungsbild-678477~_v-grossgalerie16x9.jpg,Pinar Atalay
sendungsbild-686057~_v-grossgalerie16x9.jpg,Pinar Atalay
sendungsbild-709957~_v-grossgalerie16x9.jpg,Pinar Atalay
sendungsbild-710585~_v-grossgalerie16x9.jpg,Pinar Atalay
sendungsbild-710939~_v-grossgalerie16x9.jpg,Pinar Atalay
sendungsbild-711303~_v-grossgalerie16x9.jpg,Pinar Atalay
sendungsbild-715737~_v-grossgalerie16x9.jpg,Pinar Atalay
sendungsbild-450955~_v-grossgalerie16x9.jpg,Vertretung
sendungsbild-462039~_v-grossgalerie16x9.jpg,Vertretung
sendungsbild-559979~_v-grossgalerie16x9.jpg,Vertretung
sendungsbild-592515~_v-grossgalerie16x9.jpg,Vertretung
sendungsbild-628829~_v-grossgalerie16x9.jpg,Vertretung
sendungsbild-631177~_v-grossgalerie16x9.jpg,Vertretung
sendungsbild-633347~_v-grossgalerie16x9.jpg,Vertretung
sendungsbild-646645~_v-grossgalerie16x9.jpg,Vertretung
sendungsbild-699917~_v-grossgalerie16x9.jpg,Vertretung
sendungsbild-707387~_v-grossgalerie16x9.jpg,Vertretung
